source,query_or_symbol,published_at,headline,summary_or_description,publisher_source_name,url
Yahoo Finance,CBA.AX,2026-07-05T18:50:00,Bitcoin Is Now in Bear Market Territory. But Here are 3 Catalysts That Could Lead to a Recovery.,,Motley Fool,https://finance.yahoo.com/m/b8076595-ee7b-3ffd-94df-2eb234b3b38c/bitcoin-is-now-in-bear-market.html
Yahoo Finance,CBA.AX,2026-07-05T18:45:00,Pokémon cards now fetch $16.5M at auction — and $100K armed heists are following the money,,Moneywise,https://finance.yahoo.com/markets/stocks/articles/pok-mon-cards-now-fetch-114500944.html
Yahoo Finance,CBA.AX,2026-07-05T18:40:00,Where Will Solana Be in 20 Years?,,Motley Fool,https://finance.yahoo.com/m/4c195daa-490e-325e-961d-b0a7aef8c90f/where-will-solana-be-in-20.html
Yahoo Finance,CBA.AX,2026-07-05T18:38:42,Why CoreWeave Stock Plummeted This Week,,Motley Fool,https://finance.yahoo.com/m/a08d06a7-3a34-3e7f-8fb8-1a65b52ae975/why-coreweave-stock-plummeted.html
Yahoo Finance,CBA.AX,2026-07-05T18:36:18,Nasdaq (NDAQ): The Most Oversold Strong Buy-Rated Stock to Invest In Now,,Insider Monkey,https://finance.yahoo.com/markets/stocks/articles/nasdaq-ndaq-most-oversold-strong-113618286.html
Yahoo Finance,CBA.AX,2026-07-05T18:36:01,Here’s Why Shell (SHEL) is Among the 9 Most Oversold Strong Buy-Rated Stocks to Invest In Now,,Insider Monkey,https://finance.yahoo.com/markets/stocks/articles/why-shell-shel-among-9-113601674.html
Yahoo Finance,CBA.AX,2026-07-05T18:35:55,Ingredion (INGR) Completes $165M Sale of Rafhan Maize Stake,,Insider Monkey,https://finance.yahoo.com/markets/stocks/articles/ingredion-ingr-completes-165m-sale-113555567.html
Yahoo Finance,CBA.AX,2026-07-05T18:35:47,Citi Keeps Buy Rating on Northrop Grumman (NOC),,Insider Monkey,https://finance.yahoo.com/markets/stocks/articles/citi-keeps-buy-rating-northrop-113547885.html
Yahoo Finance,CBAUF,2026-07-02T16:00:00,Morgan Stanley Among Banks Challenging Growing Dollar Optimism,,Bloomberg,https://finance.yahoo.com/markets/currencies/articles/morgan-stanley-among-banks-challenging-090000729.html
Yahoo Finance,CBAUF,2026-07-01T22:55:53,Companies rehire workers laid off for AI as automation falls short,,Quartz,https://finance.yahoo.com/m/1fd6b497-5f34-3152-abe5-51fc612f998b/companies-rehire-workers-laid.html
Yahoo Finance,CBAUF,2026-06-22T13:00:00,FRN Variable Rate Fix,,Business Wire,https://finance.yahoo.com/markets/options/articles/frn-variable-rate-fix-060000356.html
Yahoo Finance,CBAUF,2026-06-22T08:16:51,Pound Trades Near 2026 Low as UK Political Uncertainty Builds,,Bloomberg,https://finance.yahoo.com/markets/currencies/articles/pound-trades-near-2026-low-080906468.html
Yahoo Finance,CBAUF,2026-06-22T05:02:25,Oil Climbs After Fresh Trump Threat as US-Iran Peace Talks Begin,,Bloomberg,https://finance.yahoo.com/energy/articles/oil-climbs-fresh-trump-threat-223930542.html
Yahoo Finance,CBAUF,2026-06-19T06:57:55,"Commonwealth Bank of Australia appoints new CIO, CTO to boost technology, AI strategy",,Reuters,https://finance.yahoo.com/technology/ai/articles/commonwealth-bank-australia-appoints-cio-235755334.html
Yahoo Finance,CBAUF,2026-06-16T20:12:00,Canadians of all ages increasingly embrace banking apps,,CNW Group,https://finance.yahoo.com/markets/currencies/articles/canadians-ages-increasingly-embrace-banking-131200274.html
Yahoo Finance,CBAUF,2026-06-15T15:08:41,Did Profit Uptick and RBA Countdown Just Shift Commonwealth Bank's (ASX:CBA) Investment Narrative?,,Simply Wall St.,https://finance.yahoo.com/markets/stocks/articles/did-profit-uptick-rba-countdown-080841996.html
Yahoo Finance,CMWAY,2026-07-02T16:00:00,Morgan Stanley Among Banks Challenging Growing Dollar Optimism,,Bloomberg,https://finance.yahoo.com/markets/currencies/articles/morgan-stanley-among-banks-challenging-090000729.html
Yahoo Finance,CMWAY,2026-07-01T22:55:53,Companies rehire workers laid off for AI as automation falls short,,Quartz,https://finance.yahoo.com/m/1fd6b497-5f34-3152-abe5-51fc612f998b/companies-rehire-workers-laid.html
Yahoo Finance,CMWAY,2026-06-22T13:00:00,FRN Variable Rate Fix,,Business Wire,https://finance.yahoo.com/markets/options/articles/frn-variable-rate-fix-060000356.html
Yahoo Finance,CMWAY,2026-06-22T08:16:51,Pound Trades Near 2026 Low as UK Political Uncertainty Builds,,Bloomberg,https://finance.yahoo.com/markets/currencies/articles/pound-trades-near-2026-low-080906468.html
Yahoo Finance,CMWAY,2026-06-22T05:02:25,Oil Climbs After Fresh Trump Threat as US-Iran Peace Talks Begin,,Bloomberg,https://finance.yahoo.com/energy/articles/oil-climbs-fresh-trump-threat-223930542.html
Yahoo Finance,CMWAY,2026-06-19T06:57:55,"Commonwealth Bank of Australia appoints new CIO, CTO to boost technology, AI strategy",,Reuters,https://finance.yahoo.com/technology/ai/articles/commonwealth-bank-australia-appoints-cio-235755334.html
Yahoo Finance,CMWAY,2026-06-16T20:12:00,Canadians of all ages increasingly embrace banking apps,,CNW Group,https://finance.yahoo.com/markets/currencies/articles/canadians-ages-increasingly-embrace-banking-131200274.html
Yahoo Finance,CMWAY,2026-06-15T15:08:41,Did Profit Uptick and RBA Countdown Just Shift Commonwealth Bank's (ASX:CBA) Investment Narrative?,,Simply Wall St.,https://finance.yahoo.com/markets/stocks/articles/did-profit-uptick-rba-countdown-080841996.html
